Date;Holiday;Businessday
2008-03-21;Good Friday;Friday
2008-12-25;Christmas Day;Thursday
2009-01-01;New Year's Day;Thursday
2009-04-10;Good Friday;Friday
2009-12-25;Christmas Day;Friday
2010-01-01;New Year's Day;Friday
2010-04-02;Good Friday;Friday
2011-04-22;Good Friday;Friday
2011-12-23;Christmas Eve observed;Monday
2012-01-02;New Year's Day observed;Monday
2012-04-06;Good Friday;Friday
2012-12-25;Christmas Day;Tuesday
2013-01-01;New Year's Day;Tuesday
2013-03-29;Good Friday;Friday
2013-12-25;Christmas Day;Wednesday
2014-01-01;New Year's Day;Wednesday
2014-04-18;Good Friday;Friday
2014-12-25;Christmas Day;Thursday
2015-01-01;New Year's Day;Thursday
2015-04-03;Good Friday;Friday
2015-12-25;Christmas Day;Friday
2016-01-01;New Year's Day;Friday
2016-03-25;Good Friday;Friday
2016-12-26;Christmas Day;Monday
2017-01-01;New Year's Day;Monday
2017-04-14;Good Friday;Friday
2017-12-25;Christmas Day;Monday
2018-01-01;New Year's Day;Monday
